status	reason	workload	workers	repeat	return_code	duration_sec	median_ms	tuples	iterations	peak_rss_kb	ledger_peak_bytes	ledger_worker_peak_max_bytes	command
ok		tc	1	5	0	0.031306	5.9	4950	98	3264			/home/joykim/tmp/wirelog-1972-reference-7e498e7/build-portfolio/bench/bench_flowlog --workload tc --data /home/joykim/tmp/wirelog-1361-data/graph_100.csv --workers 1 --repeat 5 --format json
ok		tc	8	5	0	0.027947	5.3	4950	98	3528			/home/joykim/tmp/wirelog-1972-reference-7e498e7/build-portfolio/bench/bench_flowlog --workload tc --data /home/joykim/tmp/wirelog-1361-data/graph_100.csv --workers 8 --repeat 5 --format json
ok		tc	16	5	0	0.031691	5.9	4950	98	3364			/home/joykim/tmp/wirelog-1972-reference-7e498e7/build-portfolio/bench/bench_flowlog --workload tc --data /home/joykim/tmp/wirelog-1361-data/graph_100.csv --workers 16 --repeat 5 --format json
ok		reach	1	5	0	0.002844	0.3	100	98	3072			/home/joykim/tmp/wirelog-1972-reference-7e498e7/build-portfolio/bench/bench_flowlog --workload reach --data /home/joykim/tmp/wirelog-1361-data/graph_100.csv --workers 1 --repeat 5 --format json
ok		reach	8	5	0	0.003875	0.5	100	98	3028			/home/joykim/tmp/wirelog-1972-reference-7e498e7/build-portfolio/bench/bench_flowlog --workload reach --data /home/joykim/tmp/wirelog-1361-data/graph_100.csv --workers 8 --repeat 5 --format json
ok		reach	16	5	0	0.002895	0.3	100	98	3080			/home/joykim/tmp/wirelog-1972-reference-7e498e7/build-portfolio/bench/bench_flowlog --workload reach --data /home/joykim/tmp/wirelog-1361-data/graph_100.csv --workers 16 --repeat 5 --format json
ok		cc	1	5	0	0.045671	8.9	100	99	3372			/home/joykim/tmp/wirelog-1972-reference-7e498e7/build-portfolio/bench/bench_flowlog --workload cc --data /home/joykim/tmp/wirelog-1361-data/graph_100.csv --workers 1 --repeat 5 --format json
ok		cc	8	5	0	0.048815	8.9	100	99	3324			/home/joykim/tmp/wirelog-1972-reference-7e498e7/build-portfolio/bench/bench_flowlog --workload cc --data /home/joykim/tmp/wirelog-1361-data/graph_100.csv --workers 8 --repeat 5 --format json
ok		cc	16	5	0	0.043098	8.4	100	99	3356			/home/joykim/tmp/wirelog-1972-reference-7e498e7/build-portfolio/bench/bench_flowlog --workload cc --data /home/joykim/tmp/wirelog-1361-data/graph_100.csv --workers 16 --repeat 5 --format json
ok		sssp	1	5	0	0.003578	0.5	100	98	3100			/home/joykim/tmp/wirelog-1972-reference-7e498e7/build-portfolio/bench/bench_flowlog --workload sssp --data /home/joykim/tmp/wirelog-1361-data/graph_100.csv --data-weighted /home/joykim/tmp/wirelog-1361-data/graph_100_weighted.csv --workers 1 --repeat 5 --format json
ok		sssp	8	5	0	0.003708	0.4	100	98	3100			/home/joykim/tmp/wirelog-1972-reference-7e498e7/build-portfolio/bench/bench_flowlog --workload sssp --data /home/joykim/tmp/wirelog-1361-data/graph_100.csv --data-weighted /home/joykim/tmp/wirelog-1361-data/graph_100_weighted.csv --workers 8 --repeat 5 --format json
ok		sssp	16	5	0	0.004465	0.7	100	98	2996			/home/joykim/tmp/wirelog-1972-reference-7e498e7/build-portfolio/bench/bench_flowlog --workload sssp --data /home/joykim/tmp/wirelog-1361-data/graph_100.csv --data-weighted /home/joykim/tmp/wirelog-1361-data/graph_100_weighted.csv --workers 16 --repeat 5 --format json
ok		sg	1	5	0	0.002833	0.4	0	0	3012			/home/joykim/tmp/wirelog-1972-reference-7e498e7/build-portfolio/bench/bench_flowlog --workload sg --data /home/joykim/tmp/wirelog-1361-data/graph_100.csv --workers 1 --repeat 5 --format json
ok		sg	8	5	0	0.003108	0.4	0	0	3196			/home/joykim/tmp/wirelog-1972-reference-7e498e7/build-portfolio/bench/bench_flowlog --workload sg --data /home/joykim/tmp/wirelog-1361-data/graph_100.csv --workers 8 --repeat 5 --format json
ok		sg	16	5	0	0.002694	0.3	0	0	3144			/home/joykim/tmp/wirelog-1972-reference-7e498e7/build-portfolio/bench/bench_flowlog --workload sg --data /home/joykim/tmp/wirelog-1361-data/graph_100.csv --workers 16 --repeat 5 --format json
ok		bipartite	1	5	0	0.004177	0.6	100	73	3084			/home/joykim/tmp/wirelog-1972-reference-7e498e7/build-portfolio/bench/bench_flowlog --workload bipartite --data /home/joykim/tmp/wirelog-1361-data/graph_100.csv --workers 1 --repeat 5 --format json
ok		bipartite	8	5	0	0.004878	0.7	100	73	3120			/home/joykim/tmp/wirelog-1972-reference-7e498e7/build-portfolio/bench/bench_flowlog --workload bipartite --data /home/joykim/tmp/wirelog-1361-data/graph_100.csv --workers 8 --repeat 5 --format json
ok		bipartite	16	5	0	0.004236	0.6	100	73	3144			/home/joykim/tmp/wirelog-1972-reference-7e498e7/build-portfolio/bench/bench_flowlog --workload bipartite --data /home/joykim/tmp/wirelog-1361-data/graph_100.csv --workers 16 --repeat 5 --format json
ok		andersen	1	5	0	0.012513	2.2	155	8	4856			/home/joykim/tmp/wirelog-1972-reference-7e498e7/build-portfolio/bench/bench_flowlog --workload andersen --data-andersen /home/joykim/tmp/wirelog-1361-data/andersen --workers 1 --repeat 5 --format json
ok		andersen	8	5	0	0.027751	5.5	155	8	6680			/home/joykim/tmp/wirelog-1972-reference-7e498e7/build-portfolio/bench/bench_flowlog --workload andersen --data-andersen /home/joykim/tmp/wirelog-1361-data/andersen --workers 8 --repeat 5 --format json
ok		andersen	16	5	0	0.018828	2.8	155	8	6696			/home/joykim/tmp/wirelog-1972-reference-7e498e7/build-portfolio/bench/bench_flowlog --workload andersen --data-andersen /home/joykim/tmp/wirelog-1361-data/andersen --workers 16 --repeat 5 --format json
ok		dyck	1	5	0	0.058865	10.7	2120	8	5888			/home/joykim/tmp/wirelog-1972-reference-7e498e7/build-portfolio/bench/bench_flowlog --workload dyck --data-dyck /home/joykim/tmp/wirelog-1361-data/dyck --workers 1 --repeat 5 --format json
ok		dyck	8	5	0	0.051152	9.9	2120	8	9516			/home/joykim/tmp/wirelog-1972-reference-7e498e7/build-portfolio/bench/bench_flowlog --workload dyck --data-dyck /home/joykim/tmp/wirelog-1361-data/dyck --workers 8 --repeat 5 --format json
ok		dyck	16	5	0	0.052012	10.2	2120	8	9512			/home/joykim/tmp/wirelog-1972-reference-7e498e7/build-portfolio/bench/bench_flowlog --workload dyck --data-dyck /home/joykim/tmp/wirelog-1361-data/dyck --workers 16 --repeat 5 --format json
ok		cspa-fast	1	5	0	5.98584	1193.9	20381	6	359396			/home/joykim/tmp/wirelog-1972-reference-7e498e7/build-portfolio/bench/bench_flowlog --workload cspa-fast --data-cspa /home/joykim/tmp/wirelog-1361-data/cspa --workers 1 --repeat 5 --format json
ok		cspa-fast	8	5	0	3.04689	608.2	20381	6	464052			/home/joykim/tmp/wirelog-1972-reference-7e498e7/build-portfolio/bench/bench_flowlog --workload cspa-fast --data-cspa /home/joykim/tmp/wirelog-1361-data/cspa --workers 8 --repeat 5 --format json
ok		cspa-fast	16	5	0	3.13073	616.9	20381	6	480760			/home/joykim/tmp/wirelog-1972-reference-7e498e7/build-portfolio/bench/bench_flowlog --workload cspa-fast --data-cspa /home/joykim/tmp/wirelog-1361-data/cspa --workers 16 --repeat 5 --format json
ok		cspa	1	5	0	11.8819	16.1	21063	5	352452			/home/joykim/tmp/wirelog-1972-reference-7e498e7/build-portfolio/bench/bench_flowlog --workload cspa --data-cspa /home/joykim/tmp/wirelog-1361-data/cspa --workers 1 --repeat 5
ok		cspa	8	5	0	6.29518	32.9	21063	5	486724			/home/joykim/tmp/wirelog-1972-reference-7e498e7/build-portfolio/bench/bench_flowlog --workload cspa --data-cspa /home/joykim/tmp/wirelog-1361-data/cspa --workers 8 --repeat 5
ok		cspa	16	5	0	6.19257	25.8	21063	5	480980			/home/joykim/tmp/wirelog-1972-reference-7e498e7/build-portfolio/bench/bench_flowlog --workload cspa --data-cspa /home/joykim/tmp/wirelog-1361-data/cspa --workers 16 --repeat 5
ok		csda	1	5	0	0.015675	2.7	2986	29	3260			/home/joykim/tmp/wirelog-1972-reference-7e498e7/build-portfolio/bench/bench_flowlog --workload csda --data-csda /home/joykim/tmp/wirelog-1361-data/csda --workers 1 --repeat 5 --format json
ok		csda	8	5	0	0.015254	2.7	2986	29	3264			/home/joykim/tmp/wirelog-1972-reference-7e498e7/build-portfolio/bench/bench_flowlog --workload csda --data-csda /home/joykim/tmp/wirelog-1361-data/csda --workers 8 --repeat 5 --format json
ok		csda	16	5	0	0.01372	2.3	2986	29	3264			/home/joykim/tmp/wirelog-1972-reference-7e498e7/build-portfolio/bench/bench_flowlog --workload csda --data-csda /home/joykim/tmp/wirelog-1361-data/csda --workers 16 --repeat 5 --format json
ok		galen	1	5	0	0.112983	21.2	5568	23	6204			/home/joykim/tmp/wirelog-1972-reference-7e498e7/build-portfolio/bench/bench_flowlog --workload galen --data-galen /home/joykim/tmp/wirelog-1361-data/galen --workers 1 --repeat 5 --format json
ok		galen	8	5	0	0.159619	29.7	5568	23	22336			/home/joykim/tmp/wirelog-1972-reference-7e498e7/build-portfolio/bench/bench_flowlog --workload galen --data-galen /home/joykim/tmp/wirelog-1361-data/galen --workers 8 --repeat 5 --format json
ok		galen	16	5	0	0.151463	28.8	5568	23	19788			/home/joykim/tmp/wirelog-1972-reference-7e498e7/build-portfolio/bench/bench_flowlog --workload galen --data-galen /home/joykim/tmp/wirelog-1361-data/galen --workers 16 --repeat 5 --format json
ok		polonius	1	5	0	0.02002	3.5	1999	23	5276			/home/joykim/tmp/wirelog-1972-reference-7e498e7/build-portfolio/bench/bench_flowlog --workload polonius --data-polonius /home/joykim/tmp/wirelog-1361-data/polonius --workers 1 --repeat 5 --format json
ok		polonius	8	5	0	0.021151	3.7	1999	25	5284			/home/joykim/tmp/wirelog-1972-reference-7e498e7/build-portfolio/bench/bench_flowlog --workload polonius --data-polonius /home/joykim/tmp/wirelog-1361-data/polonius --workers 8 --repeat 5 --format json
ok		polonius	16	5	0	0.019963	3.6	1999	25	5216			/home/joykim/tmp/wirelog-1972-reference-7e498e7/build-portfolio/bench/bench_flowlog --workload polonius --data-polonius /home/joykim/tmp/wirelog-1361-data/polonius --workers 16 --repeat 5 --format json
ok		ddisasm	1	5	0	0.016004	2.8	900	0	5116			/home/joykim/tmp/wirelog-1972-reference-7e498e7/build-portfolio/bench/bench_flowlog --workload ddisasm --data-ddisasm /home/joykim/tmp/wirelog-1361-data/ddisasm --workers 1 --repeat 5 --format json
ok		ddisasm	8	5	0	0.022307	3.8	900	19	5212			/home/joykim/tmp/wirelog-1972-reference-7e498e7/build-portfolio/bench/bench_flowlog --workload ddisasm --data-ddisasm /home/joykim/tmp/wirelog-1361-data/ddisasm --workers 8 --repeat 5 --format json
ok		ddisasm	16	5	0	0.020938	3.8	900	19	5220			/home/joykim/tmp/wirelog-1972-reference-7e498e7/build-portfolio/bench/bench_flowlog --workload ddisasm --data-ddisasm /home/joykim/tmp/wirelog-1361-data/ddisasm --workers 16 --repeat 5 --format json
ok		crdt	1	5	0	125.09	25064	2156530	14148	179764			/home/joykim/tmp/wirelog-1972-reference-7e498e7/build-portfolio/bench/bench_flowlog --workload crdt --data-crdt /home/joykim/tmp/wirelog-1361-data/crdt --workers 1 --repeat 5 --format json
ok		crdt	8	5	0	124.441	24910.8	2156530	14148	415432			/home/joykim/tmp/wirelog-1972-reference-7e498e7/build-portfolio/bench/bench_flowlog --workload crdt --data-crdt /home/joykim/tmp/wirelog-1361-data/crdt --workers 8 --repeat 5 --format json
ok		crdt	16	5	0	121.897	24376.2	2156530	14148	587512			/home/joykim/tmp/wirelog-1972-reference-7e498e7/build-portfolio/bench/bench_flowlog --workload crdt --data-crdt /home/joykim/tmp/wirelog-1361-data/crdt --workers 16 --repeat 5 --format json
